	ms_Vx	ms_Vy	hdr_Vx	hdr_Vy	ms_res	hdr_res	d_Vx	d_Vy	d_res	d_relative_Vx	d_relative_Vy	d_relative_res
ms_Vx	1	-0.134162	0.268054	-0.220098	0.999584	0.266492	0.752437	0.224082	0.747803	0.812436	0.0493526	0.809876
ms_Vy	-0.134162	1	-0.560997	0.800551	-0.122769	-0.545712	0.25801	-0.365551	0.26009	0.216587	0.0493335	0.219202
hdr_Vx	0.268054	-0.560997	1	-0.690462	0.265194	0.999015	-0.432866	0.579952	-0.438483	-0.33924	-0.0288282	-0.343678
hdr_Vy	-0.220098	0.800551	-0.690462	1	-0.212541	-0.678603	0.266112	-0.850433	0.267682	0.20382	0.0168786	0.203698
ms_res	0.999584	-0.122769	0.265194	-0.212541	1	0.264174	0.754003	0.222346	0.749781	0.813526	0.0503852	0.81146
hdr_res	0.266492	-0.545712	0.999015	-0.678603	0.264174	1	-0.433654	0.574951	-0.440108	-0.339461	-0.028508	-0.34468
d_Vx	0.752437	0.25801	-0.432866	0.266112	0.754003	-0.433654	1	-0.18683	0.999504	0.99213	0.0658886	0.99277
d_Vy	0.224082	-0.365551	0.579952	-0.850433	0.222346	0.574951	-0.18683	1	-0.187441	-0.126441	0.0170927	-0.123954
d_res	0.747803	0.26009	-0.438483	0.267682	0.749781	-0.440108	0.999504	-0.187441	1	0.990299	0.0664677	0.991956
d_relative_Vx	0.812436	0.216587	-0.33924	0.20382	0.813526	-0.339461	0.99213	-0.126441	0.990299	1	0.0669683	0.999453
d_relative_Vy	0.0493526	0.0493335	-0.0288282	0.0168786	0.0503852	-0.028508	0.0658886	0.0170927	0.0664677	0.0669683	1	0.0679785
d_relative_res	0.809876	0.219202	-0.343678	0.203698	0.81146	-0.34468	0.99277	-0.123954	0.991956	0.999453	0.0679785	1
