	ms_Vx	ms_Vy	hdr_Vx	hdr_Vy	ms_res	hdr_res	d_Vx	d_Vy	d_res	d_relative_Vx	d_relative_Vy	d_relative_res
ms_Vx	1	0.153063	0.897437	0.135863	0.999996	0.897454	0.719094	0.0983179	0.718644	0.749991	0.077552	0.749467
ms_Vy	0.153063	1	0.127145	0.360802	0.15383	0.127391	0.126164	0.894676	0.127333	0.131149	0.0662148	0.132328
hdr_Vx	0.897437	0.127145	1	0.0889043	0.897193	1	0.338786	0.0931433	0.338188	0.381694	0.080465	0.380984
hdr_Vy	0.135863	0.360802	0.0889043	1	0.136091	0.0895396	0.14972	-0.093825	0.149099	0.151756	0.0190305	0.151166
ms_res	0.999996	0.15383	0.897193	0.136091	1	0.89721	0.71947	0.0990275	0.719037	0.750356	0.0773123	0.74985
hdr_res	0.897454	0.127391	1	0.0895396	0.89721	1	0.338823	0.0931011	0.338225	0.381732	0.0804785	0.381022
d_Vx	0.719094	0.126164	0.338786	0.14972	0.71947	0.338823	1	0.0629666	0.999981	0.998306	0.0386488	0.998307
d_Vy	0.0983179	0.894676	0.0931433	-0.093825	0.0990275	0.0931011	0.0629666	1	0.0645118	0.0673133	0.0615687	0.0688538
d_res	0.718644	0.127333	0.338188	0.149099	0.719037	0.338225	0.999981	0.0645118	1	0.998271	0.0381013	0.998311
d_relative_Vx	0.749991	0.131149	0.381694	0.151756	0.750356	0.381732	0.998306	0.0673133	0.998271	1	0.0427636	0.99998
d_relative_Vy	0.077552	0.0662148	0.080465	0.0190305	0.0773123	0.0804785	0.0386488	0.0615687	0.0381013	0.0427636	1	0.0421921
d_relative_res	0.749467	0.132328	0.380984	0.151166	0.74985	0.381022	0.998307	0.0688538	0.998311	0.99998	0.0421921	1
